inserts,gasUsed,comment
inserts,gasUsed,comment
inserts,gasUsed,comment
inserts,gasUsed,comment
inserts,gasUsed,comment
inserts,gasUsed,comment
inserts,gasUsed,comment
inserts,gasUsed,comment
inserts,gasUsed,comment
inserts,gasUsed,comment
inserts,gasUsed,comment
inserts,gasUsed,comment
inserts,gasUsed,comment
inserts,gasUsed,comment
inserts,gasUsed,comment
inserts,gasUsed,comment
inserts,gasUsed,comment
inserts,gasUsed,comment
inserts,gasUsed,comment
inserts,gasUsed,comment
inserts,gasUsed,comment
inserts,gasUsed,comment
inserts,gasUsed,comment
